,at.exe,audit.exe,chrome.exe,curl.exe,firefox.exe,Focusrite Notifier.exe,MicrosoftEdge.exe,notepad32.exe,notepad64.exe,powershell32.exe,powershell64.exe,python.exe,rdpclip.exe,schtasks.exe
at.exe,1.0,0.06940874035989719,0.0319369556200747,0.043010752688172005,0.0369843527738265,0.02010845006778128,0.03083700440528636,0.031505250875145885,0.03577235772357723,0.032169117647058876,0.030898876404494402,0.03970223325062039,0.04044489383215366,0.05192878338278928
audit.exe,0.06940874035989719,1.0,0.10918829831067156,0.16605504587155961,0.13138189244383935,0.06403607666290867,0.10451045104510448,0.11020408163265305,0.1213333333333333,0.08149959250203753,0.07054963084495491,0.06678082191780821,0.15992474129821266,0.1630573248407643
chrome.exe,0.0319369556200747,0.10918829831067156,1.0,0.30943987465726597,0.3451008645533141,0.360649168503306,0.45798680814453685,0.1884166980067694,0.15963375796178347,0.16763998625901755,0.15769626328419606,0.06606012658227844,0.2991352201257862,0.1978330658105939
curl.exe,0.043010752688172005,0.16605504587155961,0.30943987465726597,1.0,0.2828618968386023,0.18884215187071063,0.3054169636493229,0.17658998646820023,0.17665615141955837,0.13093196112064032,0.11835334476843906,0.04855967078189305,0.3632416787264834,0.24720893141945777
firefox.exe,0.0369843527738265,0.13138189244383935,0.3451008645533141,0.2828618968386023,1.0,0.24213022854678745,0.3026992287917738,0.20748299319727892,0.1673899566026038,0.15223735408560313,0.1415369649805448,0.07627666451195858,0.27665544332211,0.22340425531914898
Focusrite Notifier.exe,0.02010845006778128,0.06403607666290867,0.360649168503306,0.18884215187071063,0.24213022854678745,1.0,0.32866218236173395,0.14175654853620956,0.10071301247771836,0.12689511941848386,0.1202321724709784,0.048401420959147456,0.17938509179385087,0.11875000000000002
MicrosoftEdge.exe,0.03083700440528636,0.10451045104510448,0.45798680814453685,0.3054169636493229,0.3026992287917738,0.32866218236173395,1.0,0.15155526141628062,0.1428066454577589,0.20629257216996433,0.19219606578523052,0.05052264808362372,0.2904948380206479,0.20181818181818179
notepad32.exe,0.031505250875145885,0.11020408163265305,0.1884166980067694,0.17658998646820023,0.20748299319727892,0.14175654853620956,0.15155526141628062,1.0,0.12264150943396224,0.1128332300061996,0.09715346534653468,0.06231742940603702,0.1595092024539877,0.15952980688497065
notepad64.exe,0.03577235772357723,0.1213333333333333,0.15963375796178347,0.17665615141955837,0.1673899566026038,0.10071301247771836,0.1428066454577589,0.12264150943396224,1.0,0.08937368050668548,0.09077912794853471,0.039408866995073843,0.17923763179237628,0.13741223671013036
powershell32.exe,0.032169117647058876,0.08149959250203753,0.16763998625901755,0.13093196112064032,0.15223735408560313,0.12689511941848386,0.20629257216996433,0.1128332300061996,0.08937368050668548,1.0,0.7314974182444062,0.06485188150520416,0.12922002328288706,0.13365990202939115
powershell64.exe,0.030898876404494402,0.07054963084495491,0.15769626328419606,0.11835334476843906,0.1415369649805448,0.1202321724709784,0.19219606578523052,0.09715346534653468,0.09077912794853471,0.7314974182444062,1.0,0.05739692805173813,0.11836734693877549,0.1120389700765484
python.exe,0.03970223325062039,0.06678082191780821,0.06606012658227844,0.04855967078189305,0.07627666451195858,0.048401420959147456,0.05052264808362372,0.06231742940603702,0.039408866995073843,0.06485188150520416,0.05739692805173813,1.0,0.03952901597981495,0.06264501160092806
rdpclip.exe,0.04044489383215366,0.15992474129821266,0.2991352201257862,0.3632416787264834,0.27665544332211,0.17938509179385087,0.2904948380206479,0.1595092024539877,0.17923763179237628,0.12922002328288706,0.11836734693877549,0.03952901597981495,1.0,0.24673202614379086
schtasks.exe,0.05192878338278928,0.1630573248407643,0.1978330658105939,0.24720893141945777,0.22340425531914898,0.11875000000000002,0.20181818181818179,0.15952980688497065,0.13741223671013036,0.13365990202939115,0.1120389700765484,0.06264501160092806,0.24673202614379086,1.0
